"","p.values","fc.hip.p2.enter.res.inversecdf.values"
"1",0,-10
"2",0.001,-1
"3",0.002,-1
"4",0.003,-1
"5",0.004,-1
"6",0.005,-1
"7",0.006,-1
"8",0.007,-1
"9",0.008,-1
"10",0.009,-1
"11",0.01,-1
"12",0.011,-1
"13",0.012,-1
"14",0.013,-1
"15",0.014,-1
"16",0.015,-1
"17",0.016,-1
"18",0.017,-1
"19",0.018,-1
"20",0.019,-1
"21",0.02,-1
"22",0.021,-1
"23",0.022,-1
"24",0.023,-1
"25",0.024,-1
"26",0.025,-1
"27",0.026,-1
"28",0.027,-1
"29",0.028,-1
"30",0.029,-1
"31",0.03,-1
"32",0.031,-1
"33",0.032,-1
"34",0.033,-1
"35",0.034,-1
"36",0.035,-1
"37",0.036,-1
"38",0.037,-1
"39",0.038,-1
"40",0.039,-1
"41",0.04,-1
"42",0.041,-1
"43",0.042,-1
"44",0.043,-1
"45",0.044,-1
"46",0.045,-1
"47",0.046,-1
"48",0.047,-1
"49",0.048,-1
"50",0.049,-1
"51",0.05,-1
"52",0.051,-1
"53",0.052,-1
"54",0.053,-1
"55",0.054,-1
"56",0.055,-1
"57",0.056,-1
"58",0.057,-1
"59",0.058,-1
"60",0.059,-1
"61",0.06,-1
"62",0.061,-1
"63",0.062,-1
"64",0.063,-1
"65",0.064,-1
"66",0.065,-1
"67",0.066,-1
"68",0.067,-1
"69",0.068,-1
"70",0.069,-1
"71",0.07,-1
"72",0.071,-1
"73",0.072,-1
"74",0.073,-1
"75",0.074,-1
"76",0.075,-1
"77",0.076,-1
"78",0.077,-1
"79",0.078,-1
"80",0.079,-1
"81",0.08,-1
"82",0.081,-1
"83",0.082,-1
"84",0.083,-1
"85",0.084,-1
"86",0.085,-1
"87",0.086,-1
"88",0.087,-1
"89",0.088,-1
"90",0.089,-1
"91",0.09,-1
"92",0.091,-1
"93",0.092,-1
"94",0.093,-1
"95",0.094,-1
"96",0.095,-1
"97",0.096,-1
"98",0.097,-1
"99",0.098,-1
"100",0.099,-1
"101",0.1,-1
"102",0.101,-1
"103",0.102,-1
"104",0.103,-1
"105",0.104,-1
"106",0.105,-1
"107",0.106,-1
"108",0.107,-1
"109",0.108,-1
"110",0.109,-1
"111",0.11,-1
"112",0.111,-1
"113",0.112,-1
"114",0.113,-1
"115",0.114,-1
"116",0.115,0
"117",0.116,0
"118",0.117,0
"119",0.118,0
"120",0.119,0
"121",0.12,0
"122",0.121,0
"123",0.122,0
"124",0.123,0
"125",0.124,0
"126",0.125,0
"127",0.126,0
"128",0.127,0
"129",0.128,0
"130",0.129,0
"131",0.13,0
"132",0.131,0
"133",0.132,0
"134",0.133,0
"135",0.134,0
"136",0.135,0
"137",0.136,0
"138",0.137,0
"139",0.138,0
"140",0.139,0
"141",0.14,0
"142",0.141,0
"143",0.142,0
"144",0.143,0
"145",0.144,0
"146",0.145,0
"147",0.146,0
"148",0.147,0
"149",0.148,0
"150",0.149,0
"151",0.15,0
"152",0.151,0
"153",0.152,0
"154",0.153,0
"155",0.154,0
"156",0.155,0
"157",0.156,0
"158",0.157,0
"159",0.158,0
"160",0.159,0
"161",0.16,0
"162",0.161,0
"163",0.162,0
"164",0.163,0
"165",0.164,0
"166",0.165,0
"167",0.166,0
"168",0.167,0
"169",0.168,0
"170",0.169,0
"171",0.17,0
"172",0.171,0
"173",0.172,0
"174",0.173,0
"175",0.174,0
"176",0.175,0
"177",0.176,0
"178",0.177,0
"179",0.178,0
"180",0.179,0
"181",0.18,0
"182",0.181,0
"183",0.182,0
"184",0.183,0
"185",0.184,0
"186",0.185,0
"187",0.186,0
"188",0.187,0
"189",0.188,0
"190",0.189,0
"191",0.19,0
"192",0.191,0
"193",0.192,0
"194",0.193,0
"195",0.194,0
"196",0.195,0
"197",0.196,0
"198",0.197,0
"199",0.198,0
"200",0.199,0
"201",0.2,0
"202",0.201,0
"203",0.202,0
"204",0.203,0
"205",0.204,0
"206",0.205,0
"207",0.206,0
"208",0.207,0
"209",0.208,0
"210",0.209,0
"211",0.21,0
"212",0.211,0
"213",0.212,0
"214",0.213,0
"215",0.214,0
"216",0.215,0
"217",0.216,0
"218",0.217,0
"219",0.218,0
"220",0.219,0
"221",0.22,0
"222",0.221,0
"223",0.222,0
"224",0.223,0
"225",0.224,0
"226",0.225,0
"227",0.226,0
"228",0.227,0
"229",0.228,0
"230",0.229,0
"231",0.23,0
"232",0.231,0
"233",0.232,0
"234",0.233,0
"235",0.234,0
"236",0.235,0
"237",0.236,0
"238",0.237,0
"239",0.238,0
"240",0.239,0
"241",0.24,0
"242",0.241,0
"243",0.242,0
"244",0.243,0
"245",0.244,0
"246",0.245,0
"247",0.246,0
"248",0.247,0
"249",0.248,0
"250",0.249,0
"251",0.25,0
"252",0.251,0
"253",0.252,0
"254",0.253,0
"255",0.254,0
"256",0.255,0
"257",0.256,0
"258",0.257,0
"259",0.258,0
"260",0.259,0
"261",0.26,0
"262",0.261,0
"263",0.262,0
"264",0.263,0
"265",0.264,0
"266",0.265,0
"267",0.266,0
"268",0.267,0
"269",0.268,0
"270",0.269,0
"271",0.27,0
"272",0.271,0
"273",0.272,0
"274",0.273,0
"275",0.274,0
"276",0.275,0
"277",0.276,0
"278",0.277,0
"279",0.278,0
"280",0.279,0
"281",0.28,0
"282",0.281,0
"283",0.282,0
"284",0.283,0
"285",0.284,0
"286",0.285,0
"287",0.286,0
"288",0.287,0
"289",0.288,0
"290",0.289,0
"291",0.29,0
"292",0.291,0
"293",0.292,0
"294",0.293,0
"295",0.294,0
"296",0.295,0
"297",0.296,0
"298",0.297,0
"299",0.298,0
"300",0.299,0
"301",0.3,0
"302",0.301,0
"303",0.302,0
"304",0.303,0
"305",0.304,0
"306",0.305,0
"307",0.306,0
"308",0.307,0
"309",0.308,0
"310",0.309,0
"311",0.31,0
"312",0.311,0
"313",0.312,0
"314",0.313,0
"315",0.314,0
"316",0.315,0
"317",0.316,0
"318",0.317,0
"319",0.318,0
"320",0.319,0
"321",0.32,0
"322",0.321,0
"323",0.322,0
"324",0.323,0
"325",0.324,0
"326",0.325,0
"327",0.326,0
"328",0.327,0
"329",0.328,0
"330",0.329,0
"331",0.33,0
"332",0.331,0
"333",0.332,0
"334",0.333,0
"335",0.334,0
"336",0.335,0
"337",0.336,0
"338",0.337,0
"339",0.338,0
"340",0.339,0
"341",0.34,0
"342",0.341,0
"343",0.342,0
"344",0.343,0
"345",0.344,0
"346",0.345,0
"347",0.346,0
"348",0.347,0
"349",0.348,0
"350",0.349,0
"351",0.35,0
"352",0.351,0
"353",0.352,0
"354",0.353,0
"355",0.354,0
"356",0.355,0
"357",0.356,0
"358",0.357,0
"359",0.358,0
"360",0.359,0
"361",0.36,0
"362",0.361,0
"363",0.362,0
"364",0.363,0
"365",0.364,0
"366",0.365,0
"367",0.366,0
"368",0.367,0
"369",0.368,0
"370",0.369,0
"371",0.37,0
"372",0.371,0
"373",0.372,0
"374",0.373,0
"375",0.374,0
"376",0.375,0
"377",0.376,0
"378",0.377,0
"379",0.378,0
"380",0.379,0
"381",0.38,0
"382",0.381,0
"383",0.382,0
"384",0.383,0
"385",0.384,0
"386",0.385,0
"387",0.386,0
"388",0.387,0
"389",0.388,0
"390",0.389,0
"391",0.39,0
"392",0.391,0
"393",0.392,0
"394",0.393,0
"395",0.394,0
"396",0.395,0
"397",0.396,0
"398",0.397,0
"399",0.398,0
"400",0.399,0
"401",0.4,0
"402",0.401,0
"403",0.402,0
"404",0.403,0
"405",0.404,0
"406",0.405,0
"407",0.406,0
"408",0.407,0
"409",0.408,0
"410",0.409,0
"411",0.41,0
"412",0.411,0
"413",0.412,0
"414",0.413,0
"415",0.414,0
"416",0.415,0
"417",0.416,0
"418",0.417,0
"419",0.418,0
"420",0.419,0
"421",0.42,0
"422",0.421,0
"423",0.422,0
"424",0.423,0
"425",0.424,0
"426",0.425,0
"427",0.426,0
"428",0.427,0
"429",0.428,0
"430",0.429,0
"431",0.43,0
"432",0.431,0
"433",0.432,0
"434",0.433,0
"435",0.434,0
"436",0.435,0
"437",0.436,0
"438",0.437,0
"439",0.438,0
"440",0.439,0
"441",0.44,0
"442",0.441,0
"443",0.442,0
"444",0.443,0
"445",0.444,0
"446",0.445,0
"447",0.446,0
"448",0.447,0
"449",0.448,0
"450",0.449,0
"451",0.45,0
"452",0.451,0
"453",0.452,0
"454",0.453,0
"455",0.454,0
"456",0.455,0
"457",0.456,0
"458",0.457,0
"459",0.458,0
"460",0.459,0
"461",0.46,0
"462",0.461,0
"463",0.462,0
"464",0.463,0
"465",0.464,0
"466",0.465,0
"467",0.466,0
"468",0.467,0
"469",0.468,0
"470",0.469,0
"471",0.47,0
"472",0.471,0
"473",0.472,0
"474",0.473,0
"475",0.474,0
"476",0.475,0
"477",0.476,0
"478",0.477,0
"479",0.478,0
"480",0.479,0
"481",0.48,0
"482",0.481,0
"483",0.482,0
"484",0.483,0
"485",0.484,0
"486",0.485,0
"487",0.486,0
"488",0.487,0
"489",0.488,0
"490",0.489,0
"491",0.49,0
"492",0.491,0
"493",0.492,0
"494",0.493,0
"495",0.494,0
"496",0.495,0
"497",0.496,0
"498",0.497,0
"499",0.498,0
"500",0.499,0
"501",0.5,0
"502",0.501,0
"503",0.502,0
"504",0.503,0
"505",0.504,0
"506",0.505,0
"507",0.506,0
"508",0.507,0
"509",0.508,0
"510",0.509,0
"511",0.51,0
"512",0.511,0
"513",0.512,0
"514",0.513,0
"515",0.514,0
"516",0.515,0
"517",0.516,0
"518",0.517,0
"519",0.518,0
"520",0.519,0
"521",0.52,0
"522",0.521,0
"523",0.522,0
"524",0.523,0
"525",0.524,0
"526",0.525,0
"527",0.526,0
"528",0.527,0
"529",0.528,0
"530",0.529,0
"531",0.53,0
"532",0.531,0
"533",0.532,0
"534",0.533,0
"535",0.534,0
"536",0.535,0
"537",0.536,0
"538",0.537,0
"539",0.538,0
"540",0.539,0
"541",0.54,0
"542",0.541,0
"543",0.542,0
"544",0.543,0
"545",0.544,0
"546",0.545,0
"547",0.546,0
"548",0.547,0
"549",0.548,0
"550",0.549,0
"551",0.55,0
"552",0.551,0
"553",0.552,0
"554",0.553,0
"555",0.554,0
"556",0.555,1
"557",0.556,1
"558",0.557,1
"559",0.558,1
"560",0.559,1
"561",0.56,1
"562",0.561,1
"563",0.562,1
"564",0.563,1
"565",0.564,1
"566",0.565,1
"567",0.566,1
"568",0.567,1
"569",0.568,1
"570",0.569,1
"571",0.57,1
"572",0.571,1
"573",0.572,1
"574",0.573,1
"575",0.574,1
"576",0.575,1
"577",0.576,1
"578",0.577,1
"579",0.578,1
"580",0.579,1
"581",0.58,1
"582",0.581,1
"583",0.582,1
"584",0.583,1
"585",0.584,1
"586",0.585,1
"587",0.586,1
"588",0.587,1
"589",0.588,1
"590",0.589,1
"591",0.59,1
"592",0.591,1
"593",0.592,1
"594",0.593,1
"595",0.594,1
"596",0.595,1
"597",0.596,1
"598",0.597,1
"599",0.598,1
"600",0.599,1
"601",0.6,1
"602",0.601,1
"603",0.602,1
"604",0.603,1
"605",0.604,1
"606",0.605,1
"607",0.606,1
"608",0.607,1
"609",0.608,1
"610",0.609,1
"611",0.61,1
"612",0.611,1
"613",0.612,1
"614",0.613,1
"615",0.614,1
"616",0.615,1
"617",0.616,1
"618",0.617,1
"619",0.618,1
"620",0.619,1
"621",0.62,1
"622",0.621,1
"623",0.622,1
"624",0.623,1
"625",0.624,1
"626",0.625,1
"627",0.626,1
"628",0.627,1
"629",0.628,1
"630",0.629,1
"631",0.63,1
"632",0.631,1
"633",0.632,1
"634",0.633,1
"635",0.634,1
"636",0.635,1
"637",0.636,1
"638",0.637,1
"639",0.638,1
"640",0.639,1
"641",0.64,1
"642",0.641,1
"643",0.642,1
"644",0.643,1
"645",0.644,1
"646",0.645,1
"647",0.646,1
"648",0.647,1
"649",0.648,1
"650",0.649,1
"651",0.65,1
"652",0.651,1
"653",0.652,1
"654",0.653,1
"655",0.654,1
"656",0.655,1
"657",0.656,1
"658",0.657,1
"659",0.658,1
"660",0.659,1
"661",0.66,1
"662",0.661,1
"663",0.662,1
"664",0.663,1
"665",0.664,1
"666",0.665,1
"667",0.666,1
"668",0.667,1
"669",0.668,1
"670",0.669,1
"671",0.67,1
"672",0.671,1
"673",0.672,1
"674",0.673,1
"675",0.674,1
"676",0.675,1
"677",0.676,1
"678",0.677,1
"679",0.678,1
"680",0.679,1
"681",0.68,1
"682",0.681,1
"683",0.682,1
"684",0.683,1
"685",0.684,1
"686",0.685,1
"687",0.686,1
"688",0.687,1
"689",0.688,1
"690",0.689,1
"691",0.69,1
"692",0.691,1
"693",0.692,1
"694",0.693,1
"695",0.694,1
"696",0.695,1
"697",0.696,1
"698",0.697,1
"699",0.698,1
"700",0.699,1
"701",0.7,1
"702",0.701,1
"703",0.702,1
"704",0.703,1
"705",0.704,1
"706",0.705,1
"707",0.706,1
"708",0.707,1
"709",0.708,1
"710",0.709,1
"711",0.71,1
"712",0.711,1
"713",0.712,1
"714",0.713,1
"715",0.714,1
"716",0.715,1
"717",0.716,1
"718",0.717,1
"719",0.718,1
"720",0.719,1
"721",0.72,1
"722",0.721,1
"723",0.722,1
"724",0.723,1
"725",0.724,1
"726",0.725,1
"727",0.726,1
"728",0.727,1
"729",0.728,1
"730",0.729,1
"731",0.73,1
"732",0.731,1
"733",0.732,1
"734",0.733,1
"735",0.734,1
"736",0.735,1
"737",0.736,1
"738",0.737,1
"739",0.738,1
"740",0.739,1
"741",0.74,1
"742",0.741,1
"743",0.742,1
"744",0.743,1
"745",0.744,1
"746",0.745,1
"747",0.746,1
"748",0.747,1
"749",0.748,1
"750",0.749,1
"751",0.75,1
"752",0.751,1
"753",0.752,1
"754",0.753,1
"755",0.754,1
"756",0.755,1
"757",0.756,1
"758",0.757,1
"759",0.758,1
"760",0.759,1
"761",0.76,1
"762",0.761,1
"763",0.762,1
"764",0.763,1
"765",0.764,1
"766",0.765,1
"767",0.766,1
"768",0.767,1
"769",0.768,1
"770",0.769,1
"771",0.77,1
"772",0.771,1
"773",0.772,1
"774",0.773,1
"775",0.774,1
"776",0.775,1
"777",0.776,1
"778",0.777,1
"779",0.778,1
"780",0.779,1
"781",0.78,1
"782",0.781,1
"783",0.782,1
"784",0.783,1
"785",0.784,1
"786",0.785,1
"787",0.786,1
"788",0.787,1
"789",0.788,1
"790",0.789,1
"791",0.79,1
"792",0.791,1
"793",0.792,1
"794",0.793,1
"795",0.794,1
"796",0.795,1
"797",0.796,1
"798",0.797,1
"799",0.798,1
"800",0.799,1
"801",0.8,1
"802",0.801,1
"803",0.802,1
"804",0.803,1
"805",0.804,1
"806",0.805,1
"807",0.806,1
"808",0.807,1
"809",0.808,1
"810",0.809,1
"811",0.81,1
"812",0.811,1
"813",0.812,1
"814",0.813,1
"815",0.814,1
"816",0.815,1
"817",0.816,1
"818",0.817,1
"819",0.818,1
"820",0.819,1
"821",0.82,1
"822",0.821,1
"823",0.822,1
"824",0.823,1
"825",0.824,1
"826",0.825,1
"827",0.826,1
"828",0.827,1
"829",0.828,1
"830",0.829,1
"831",0.83,1
"832",0.831,1
"833",0.832,1
"834",0.833,1
"835",0.834,1
"836",0.835,1
"837",0.836,1
"838",0.837,1
"839",0.838,1
"840",0.839,1
"841",0.84,1
"842",0.841,1
"843",0.842,1
"844",0.843,1
"845",0.844,1
"846",0.845,1
"847",0.846,1
"848",0.847,1
"849",0.848,1
"850",0.849,1
"851",0.85,1
"852",0.851,1
"853",0.852,1
"854",0.853,1
"855",0.854,1
"856",0.855,1
"857",0.856,1
"858",0.857,1
"859",0.858,1
"860",0.859,1
"861",0.86,1
"862",0.861,1
"863",0.862,1
"864",0.863,1
"865",0.864,1
"866",0.865,1
"867",0.866,1
"868",0.867,1
"869",0.868,1
"870",0.869,1
"871",0.87,1
"872",0.871,1
"873",0.872,1
"874",0.873,2
"875",0.874,2
"876",0.875,2
"877",0.876,2
"878",0.877,2
"879",0.878,2
"880",0.879,2
"881",0.88,2
"882",0.881,2
"883",0.882,2
"884",0.883,2
"885",0.884,2
"886",0.885,2
"887",0.886,2
"888",0.887,2
"889",0.888,2
"890",0.889,2
"891",0.89,2
"892",0.891,2
"893",0.892,2
"894",0.893,2
"895",0.894,2
"896",0.895,2
"897",0.896,2
"898",0.897,2
"899",0.898,2
"900",0.899,2
"901",0.9,2
"902",0.901,2
"903",0.902,2
"904",0.903,2
"905",0.904,2
"906",0.905,2
"907",0.906,2
"908",0.907,2
"909",0.908,2
"910",0.909,2
"911",0.91,2
"912",0.911,2
"913",0.912,2
"914",0.913,2
"915",0.914,2
"916",0.915,2
"917",0.916,2
"918",0.917,2
"919",0.918,2
"920",0.919,2
"921",0.92,2
"922",0.921,2
"923",0.922,2
"924",0.923,2
"925",0.924,2
"926",0.925,2
"927",0.926,2
"928",0.927,2
"929",0.928,2
"930",0.929,2
"931",0.93,2
"932",0.931,2
"933",0.932,2
"934",0.933,2
"935",0.934,2
"936",0.935,2
"937",0.936,2
"938",0.937,2
"939",0.938,2
"940",0.939,2
"941",0.94,2
"942",0.941,2
"943",0.942,2
"944",0.943,2
"945",0.944,2
"946",0.945,2
"947",0.946,2
"948",0.947,2
"949",0.948,2
"950",0.949,2
"951",0.95,2
"952",0.951,2
"953",0.952,2
"954",0.953,2
"955",0.954,2
"956",0.955,2
"957",0.956,2
"958",0.957,2
"959",0.958,2
"960",0.959,2
"961",0.96,2
"962",0.961,2
"963",0.962,2
"964",0.963,2
"965",0.964,2
"966",0.965,2
"967",0.966,2
"968",0.967,2
"969",0.968,2
"970",0.969,3
"971",0.97,3
"972",0.971,3
"973",0.972,3
"974",0.973,3
"975",0.974,3
"976",0.975,3
"977",0.976,3
"978",0.977,3
"979",0.978,3
"980",0.979,3
"981",0.98,3
"982",0.981,3
"983",0.982,3
"984",0.983,3
"985",0.984,3
"986",0.985,3
"987",0.986,3
"988",0.987,3
"989",0.988,4
"990",0.989,4
"991",0.99,4
"992",0.991,4
"993",0.992,4
"994",0.993,4
"995",0.994,4
"996",0.995,4
"997",0.996,4
"998",0.997,4
"999",0.998,4
"1000",0.999,4
"1001",1,4
